{"graph": {"_type": "graph-file", "path": "media/graph/g.r.a.p.h_summary_156a8ec0.graph.json", "sha256": "156a8ec010988ea8d4afdc96b1b01221282082ea275d4d503f2a5e2349659dda", "size": 1188}, "epoch": 17, "loss": 0.35618796944618225, "accuracy": 0.8775272369384766, "val_loss": 0.3342425525188446, "val_accuracy": 0.8861209154129028, "_step": 17, "_runtime": 2067, "_timestamp": 1600410779, "best_val_loss": 0.3333486020565033, "best_epoch": 8}