{"graph": {"_type": "graph-file", "path": "media/graph/g.r.a.p.h_summary_91e222fd.graph.json", "sha256": "91e222fd5d5f7be36b833b8ba8a1bbb885343a84a1109931820ea7fa63d9dd24", "size": 594}, "epoch": 49, "loss": 0.27389252185821533, "accuracy": 0.8978882431983948, "val_loss": 0.4142051041126251, "val_accuracy": 0.8704365491867065, "_step": 49, "_runtime": 1693, "_timestamp": 1600177431, "best_val_loss": 0.3669682741165161, "best_epoch": 11}