{"graph": {"_type": "graph-file", "path": "media/graph/g.r.a.p.h_summary_f7a58720.graph.json", "sha256": "f7a587209bab1b626f5e96d188c616fd44cf7cae35152fe08ed7106694d1aa6d", "size": 1171}, "epoch": 0, "loss": 2.1435742378234863, "acc": 0.4130978584289551, "val_loss": 1.3102338314056396, "val_acc": 0.6028847098350525, "_step": 10, "_runtime": 621, "_timestamp": 1600178336, "best_val_loss": 1.3102338314056396, "best_epoch": 0}