{"graph": {"_type": "graph-file", "path": "media/graph/g.r.a.p.h_summary_d81f34df.graph.json", "sha256": "d81f34dfa758cbfb22417e107c79cbbd0b0f1afbe081f9e737f03537e7013861", "size": 733}, "epoch": 26, "loss": 0.18931078910827637, "acc": 0.9246874451637268, "val_loss": 0.6199458837509155, "val_acc": 0.8779085874557495, "_step": 36, "_runtime": 1976, "_timestamp": 1600185255, "best_val_loss": 0.35424041748046875, "best_epoch": 2}