{"graph": {"_type": "graph-file", "path": "media/graph/g.r.a.p.h_summary_d81f34df.graph.json", "sha256": "d81f34dfa758cbfb22417e107c79cbbd0b0f1afbe081f9e737f03537e7013861", "size": 733}, "epoch": 19, "loss": 0.3077203929424286, "acc": 0.8874911069869995, "val_loss": 0.36288779973983765, "val_acc": 0.8723278045654297, "_step": 27, "_runtime": 1223, "_timestamp": 1600237051, "best_val_loss": 0.3565155565738678, "best_epoch": 14}