{"graph": {"_type": "graph-file", "path": "media/graph/g.r.a.p.h_summary_d8c49404.graph.json", "sha256": "d8c49404464d844179b33487ea43511e00e91408aae7fd7edecabbf2bf4548c7", "size": 729}, "epoch": 10, "loss": 0.30941203236579895, "acc": 0.8874896168708801, "val_loss": 0.387081503868103, "val_acc": 0.8693363070487976, "_step": 10, "_runtime": 464, "_timestamp": 1600178971, "best_val_loss": 0.3774656355381012, "best_epoch": 4}